Crop,Region,Rainfall_mm,Temperature_C,Humidity_pct,Soil_pH,Fertilizer_kg_ha,Irrigation_pct,Pesticide_kg_ha,Yield_t_ha
Rice,Maharashtra,509.6,29.6,75.3,5.43,76.4,60.8,37.6,6.05
Groundnut,Karnataka,1008.6,29.7,64.8,7.43,156.0,39.1,47.2,4.76
Groundnut,Tamil Nadu,767.0,26.4,55.8,7.49,128.0,48.6,37.1,5.43
Maize,Telangana,887.3,28.5,89.7,6.44,111.9,40.1,50.6,8.22
Maize,Telangana,561.6,24.1,71.8,7.18,159.4,43.4,45.3,7.11
Groundnut,Andhra Pradesh,1006.6,27.8,72.1,6.74,148.0,71.9,21.6,5.83
Maize,Karnataka,613.9,26.0,81.9,6.14,178.6,21.0,37.3,7.21
Maize,Karnataka,964.9,29.8,59.8,6.4,173.6,53.8,24.1,6.85
Groundnut,Telangana,909.3,27.5,72.3,6.42,142.1,71.8,37.7,6.15
Wheat,Telangana,685.6,25.7,49.6,7.02,113.9,58.3,48.7,6.13
Maize,Karnataka,754.4,25.5,63.0,5.6,69.9,28.9,28.0,6.88
Maize,Maharashtra,681.7,31.5,59.7,7.18,93.0,53.5,28.7,6.53
Rice,Karnataka,330.9,28.5,66.9,6.31,69.9,59.6,34.6,6.03
Wheat,Maharashtra,1196.5,26.2,51.7,6.82,144.9,87.9,53.7,7.33
Cotton,Telangana,470.9,24.8,52.9,6.45,73.0,72.0,38.9,3.49
Maize,Karnataka,861.5,29.9,88.0,8.2,153.6,36.2,12.2,7.44
Groundnut,Andhra Pradesh,672.0,24.9,62.3,7.39,142.1,54.5,27.5,4.05
Cotton,Maharashtra,766.0,33.2,65.6,7.34,112.5,31.9,28.5,3.88
Maize,Andhra Pradesh,566.4,29.9,53.2,7.31,152.3,54.6,41.4,6.38
Rice,Telangana,661.7,22.7,48.7,6.81,206.1,61.5,40.3,6.89
Maize,Andhra Pradesh,837.0,25.6,77.3,6.98,204.1,62.0,24.9,7.1
Rice,Telangana,1228.2,26.4,59.4,7.65,85.2,38.3,51.0,6.59
Maize,Karnataka,737.5,28.2,80.9,6.76,164.0,12.9,41.3,6.56
Cotton,Karnataka,551.7,25.8,75.0,5.84,136.4,47.3,37.4,5.37
Maize,Maharashtra,1127.7,26.5,55.6,6.55,145.9,61.9,26.8,7.98
Cotton,Karnataka,1434.5,33.6,53.8,6.51,69.1,45.0,46.4,5.98
Wheat,Tamil Nadu,609.9,19.5,62.0,6.01,111.2,38.7,40.7,4.15
Wheat,Karnataka,1333.6,22.5,50.8,7.89,260.0,32.2,36.8,6.95
Rice,Tamil Nadu,523.4,26.1,73.3,6.98,118.1,55.1,22.8,6.33
Cotton,Telangana,840.4,25.1,69.7,7.36,142.0,65.7,42.7,5.31
Cotton,Tamil Nadu,862.3,26.7,89.1,7.72,152.4,41.2,26.4,6.04
Rice,Telangana,904.8,20.9,75.1,7.0,85.0,47.6,45.7,6.63
Cotton,Maharashtra,753.1,26.1,65.8,7.66,30.0,52.8,44.5,4.71
Rice,Telangana,323.3,28.1,84.7,5.7,173.9,50.8,41.1,5.61
Wheat,Andhra Pradesh,1118.0,29.0,84.8,7.47,154.8,96.4,48.1,7.82
Maize,Karnataka,797.3,24.6,75.9,5.93,170.2,53.8,58.4,8.04
Cotton,Maharashtra,970.0,21.5,63.2,5.94,111.7,91.2,50.9,4.96
Groundnut,Tamil Nadu,788.5,22.7,55.9,6.9,187.0,71.4,9.9,5.79
Cotton,Maharashtra,887.6,32.7,39.2,6.32,161.6,23.2,62.7,4.61
Cotton,Karnataka,631.6,29.8,76.8,6.85,145.5,63.9,29.9,4.96
Wheat,Telangana,879.7,30.5,51.3,6.62,201.7,41.6,30.5,6.27
Cotton,Karnataka,783.0,31.7,74.3,7.25,159.9,100.0,39.1,4.27
Maize,Karnataka,661.0,27.4,79.7,5.66,78.7,22.8,30.9,6.91
Maize,Tamil Nadu,851.8,22.1,36.3,6.74,113.8,68.1,51.8,7.21
Cotton,Telangana,839.6,28.9,55.5,6.58,143.9,76.1,36.5,5.62
Groundnut,Telangana,749.4,29.9,40.1,5.86,68.3,6.7,32.5,4.44
Groundnut,Tamil Nadu,831.4,30.8,79.9,6.66,195.9,60.0,30.3,5.42
Groundnut,Maharashtra,549.1,25.7,73.6,7.82,72.8,66.6,27.4,5.24
Wheat,Tamil Nadu,304.0,30.2,56.7,6.35,86.9,43.6,48.0,4.8
Groundnut,Karnataka,874.1,31.6,59.9,5.74,183.0,50.7,57.6,5.51
Maize,Karnataka,870.7,33.8,88.9,6.75,142.2,81.7,30.2,8.09
Maize,Maharashtra,861.6,24.1,44.9,5.35,84.7,47.9,37.9,7.99
Rice,Andhra Pradesh,529.9,28.2,59.1,6.52,143.3,71.6,37.3,7.24
Rice,Karnataka,781.6,36.0,66.7,7.63,139.1,70.8,41.2,6.37
Wheat,Maharashtra,891.9,24.0,72.0,7.41,151.5,51.7,48.4,6.12
Cotton,Andhra Pradesh,303.8,25.8,40.1,5.73,196.4,77.7,31.9,3.57
Maize,Andhra Pradesh,638.7,35.5,69.2,6.34,155.9,23.7,37.8,6.61
Wheat,Telangana,985.6,28.2,72.0,6.25,175.4,93.8,28.4,6.51
Groundnut,Tamil Nadu,730.3,31.9,58.7,7.65,140.9,63.7,63.9,4.78
Wheat,Telangana,663.4,28.6,45.2,7.11,110.8,83.3,8.5,5.41
Wheat,Andhra Pradesh,565.2,27.9,61.8,6.54,127.8,62.5,27.9,6.34
Groundnut,Andhra Pradesh,880.1,28.9,67.6,8.02,131.1,51.2,31.5,4.54
Wheat,Andhra Pradesh,548.9,26.8,68.0,6.73,100.6,77.8,52.4,5.98
Cotton,Tamil Nadu,922.6,27.7,46.6,6.66,146.8,38.2,44.7,3.97
Groundnut,Maharashtra,1104.5,26.1,68.4,5.2,83.0,51.5,27.0,5.91
Maize,Maharashtra,474.1,24.1,66.8,7.75,80.0,63.5,67.5,5.6
Wheat,Telangana,669.9,25.2,73.8,6.86,55.1,69.3,33.9,6.84
Wheat,Karnataka,614.5,28.9,73.2,6.99,59.1,69.8,27.5,5.98
Cotton,Maharashtra,896.0,24.2,48.6,7.16,145.9,44.5,62.3,4.6
Maize,Telangana,849.9,24.8,69.7,6.35,116.5,88.0,27.4,6.26
Maize,Andhra Pradesh,1442.8,25.6,40.8,6.5,122.1,53.8,26.4,8.36
Cotton,Andhra Pradesh,391.5,29.4,88.6,6.81,119.8,54.9,50.6,3.55
Rice,Andhra Pradesh,678.5,33.5,61.9,7.78,85.3,70.9,46.5,5.59
Groundnut,Maharashtra,1095.3,25.9,43.7,6.69,94.4,50.5,40.9,4.32
Maize,Andhra Pradesh,905.3,25.2,33.2,7.21,147.3,42.3,23.6,7.58
Rice,Telangana,1399.5,28.5,68.7,6.59,171.8,71.8,59.5,7.66
Wheat,Tamil Nadu,649.8,25.5,58.3,7.21,202.4,47.9,36.1,6.28
Groundnut,Karnataka,1027.5,19.1,54.1,6.19,30.6,36.8,29.2,4.52
Cotton,Andhra Pradesh,716.3,23.4,63.3,7.38,91.1,38.0,49.8,4.3
Wheat,Karnataka,776.5,29.5,51.6,6.69,125.5,31.3,20.1,6.07
Maize,Maharashtra,514.2,26.7,77.5,5.22,67.7,37.7,62.5,6.66
Wheat,Tamil Nadu,483.6,23.1,69.4,6.74,159.7,53.9,45.9,5.96
Groundnut,Telangana,989.8,21.3,37.0,7.35,188.4,35.5,16.0,5.15
Wheat,Tamil Nadu,1247.4,28.8,59.5,6.12,135.5,51.4,27.8,7.92
Groundnut,Tamil Nadu,1075.4,23.8,74.3,7.12,154.9,85.5,50.9,6.75
Groundnut,Telangana,868.6,20.8,65.0,6.34,77.4,95.0,66.2,6.43
Rice,Tamil Nadu,1131.2,27.0,66.4,5.99,152.9,59.3,23.8,7.3
Groundnut,Telangana,1247.4,30.1,64.1,6.86,137.0,53.5,26.8,5.79
Cotton,Telangana,454.9,28.8,68.7,5.54,129.5,79.9,56.8,5.37
Groundnut,Andhra Pradesh,560.3,23.2,68.1,6.95,192.9,82.2,40.1,4.78
Rice,Karnataka,836.5,26.3,57.1,6.86,112.3,44.2,46.4,6.33
Rice,Maharashtra,851.0,23.0,58.2,7.63,82.7,11.4,15.9,5.87
Cotton,Andhra Pradesh,749.4,31.2,31.9,6.96,205.3,33.2,36.7,3.98
Groundnut,Maharashtra,695.2,32.0,86.0,6.48,220.7,58.8,66.6,5.62
Cotton,Andhra Pradesh,875.0,36.0,74.2,6.24,178.6,50.0,35.1,5.59
Wheat,Andhra Pradesh,852.4,27.0,68.0,6.98,47.8,72.7,28.3,5.24
Maize,Maharashtra,801.8,24.6,74.0,5.83,116.7,45.1,41.3,7.38
Rice,Karnataka,968.3,27.2,41.3,5.43,134.4,53.1,40.6,6.52
Cotton,Tamil Nadu,1026.4,23.1,49.9,5.99,148.0,85.4,36.0,3.87
Groundnut,Tamil Nadu,563.4,25.0,59.1,6.73,121.0,81.1,32.5,4.75
Cotton,Andhra Pradesh,380.7,28.4,65.2,6.6,206.5,44.3,70.8,4.5
Cotton,Telangana,798.2,23.2,55.0,6.96,160.0,44.3,55.8,5.63
Maize,Tamil Nadu,529.6,28.9,80.4,5.48,120.7,38.9,43.7,6.34
Wheat,Karnataka,1269.4,26.4,69.0,6.55,138.4,58.1,48.3,7.77
Groundnut,Tamil Nadu,860.5,29.1,50.2,6.64,177.3,77.1,45.0,6.27
Groundnut,Maharashtra,1092.1,28.0,59.7,6.92,30.0,66.4,5.0,4.31
Groundnut,Telangana,904.2,22.9,55.5,7.59,113.2,100.0,42.0,5.95
Groundnut,Andhra Pradesh,814.1,23.5,62.7,6.68,73.6,52.4,31.6,5.7
Cotton,Telangana,706.5,26.6,66.7,7.1,90.0,35.1,57.5,4.3
Cotton,Karnataka,895.4,28.6,45.6,6.85,168.1,66.2,50.8,4.31
Wheat,Tamil Nadu,701.3,25.3,74.4,7.66,215.7,86.9,40.5,7.01
Rice,Maharashtra,811.5,27.5,73.9,6.66,102.2,48.9,50.9,6.75
Groundnut,Telangana,954.2,25.7,73.1,6.95,79.4,89.7,35.0,4.87
Cotton,Andhra Pradesh,514.5,27.2,60.7,6.48,162.9,65.5,46.4,5.16
Groundnut,Karnataka,231.9,25.7,37.8,6.72,134.8,81.0,58.6,4.81
Maize,Maharashtra,906.1,25.2,64.0,7.34,109.9,75.7,51.5,7.01
Groundnut,Karnataka,961.6,27.4,54.9,6.14,110.8,69.9,28.6,5.81
Rice,Maharashtra,726.9,27.4,90.0,5.8,201.2,61.3,47.8,7.29
Maize,Karnataka,740.0,32.1,58.5,7.44,106.0,56.7,27.0,7.13
Rice,Tamil Nadu,759.9,26.3,50.6,6.55,63.3,37.9,45.2,7.0
Maize,Maharashtra,627.5,32.0,66.9,6.6,154.5,59.4,43.5,6.86
Maize,Telangana,378.7,29.3,60.7,6.31,135.4,75.5,44.5,6.46
Rice,Tamil Nadu,762.6,32.5,69.9,7.33,190.9,82.9,50.6,7.45
Wheat,Maharashtra,494.7,29.5,47.7,6.18,193.7,76.5,62.8,5.73
Rice,Karnataka,717.5,27.4,64.9,7.44,118.7,65.7,28.2,6.95
Wheat,Telangana,585.0,26.2,61.8,6.52,214.7,55.8,38.6,4.89
Wheat,Tamil Nadu,711.6,24.6,80.6,6.59,193.0,59.4,42.5,6.51
Maize,Maharashtra,1226.9,18.9,40.0,6.35,135.7,73.2,48.6,7.38
Rice,Telangana,1047.9,27.6,75.6,6.88,109.7,73.4,43.5,7.39
Groundnut,Tamil Nadu,180.0,22.0,49.8,6.46,123.5,24.8,28.2,3.26
Wheat,Tamil Nadu,1248.5,25.6,59.6,5.95,49.1,55.4,28.0,6.32
Rice,Tamil Nadu,581.9,27.5,68.4,6.97,75.6,76.8,30.8,6.95
Wheat,Telangana,422.1,25.9,68.4,7.1,128.7,91.7,56.1,5.98
Maize,Telangana,1282.8,33.9,49.3,6.1,201.8,34.7,23.5,7.23
Maize,Telangana,753.4,24.7,55.9,6.24,95.4,100.0,46.2,8.14
Maize,Andhra Pradesh,731.7,24.5,32.2,5.8,53.5,8.5,25.3,6.76
Groundnut,Maharashtra,1115.5,28.4,73.4,6.11,158.6,74.0,33.9,6.51
Groundnut,Tamil Nadu,637.1,23.1,49.8,6.76,149.7,40.6,42.4,5.2
Wheat,Telangana,1183.5,31.5,52.0,7.79,111.1,81.0,43.0,6.19
Groundnut,Tamil Nadu,735.4,21.5,75.6,7.69,99.1,64.6,31.8,4.72
Groundnut,Andhra Pradesh,770.0,33.1,58.2,7.35,139.4,75.5,35.7,5.17
Maize,Andhra Pradesh,562.6,29.3,71.8,7.09,204.2,89.9,36.8,7.97
Groundnut,Karnataka,786.1,24.9,83.4,6.94,125.2,84.3,11.6,4.61
Wheat,Karnataka,795.7,27.9,48.1,6.68,225.2,76.1,44.4,6.33
Maize,Maharashtra,226.4,27.9,74.1,5.68,105.2,32.5,28.5,6.18
Maize,Andhra Pradesh,180.0,29.1,73.0,6.54,30.0,36.1,59.3,4.1
Rice,Karnataka,473.2,29.8,55.9,6.96,160.4,98.4,39.2,6.98
Maize,Karnataka,1089.5,24.3,57.3,6.69,64.7,63.0,55.5,7.74
Groundnut,Andhra Pradesh,747.8,29.6,41.5,6.0,174.4,63.9,47.8,6.33
Wheat,Telangana,951.1,36.0,61.4,6.18,154.3,67.7,34.6,5.48
Maize,Tamil Nadu,865.0,24.4,75.0,6.63,123.6,70.4,23.9,8.0
Rice,Tamil Nadu,901.2,25.7,57.9,6.43,123.6,49.7,54.8,5.66
Wheat,Andhra Pradesh,681.3,28.3,50.5,7.56,191.1,79.1,20.8,6.75
Cotton,Tamil Nadu,362.6,26.9,68.4,7.06,143.0,64.4,62.6,5.46
Cotton,Karnataka,697.5,26.4,43.0,6.76,191.2,34.1,46.7,4.14
Rice,Tamil Nadu,1164.1,25.1,69.5,5.48,218.8,71.3,39.4,8.11
Groundnut,Tamil Nadu,1087.5,25.9,61.6,6.38,108.9,73.3,45.6,6.34
Cotton,Maharashtra,913.4,25.5,90.0,5.68,191.7,88.1,30.1,7.53
Maize,Karnataka,1032.5,27.1,61.4,6.56,152.6,88.8,44.5,7.59
Rice,Karnataka,1019.5,29.3,72.9,6.52,93.2,38.9,19.1,6.92
Rice,Karnataka,665.6,18.0,49.0,7.43,105.1,65.9,22.5,6.98
Cotton,Maharashtra,855.4,35.1,82.2,6.5,108.3,50.8,49.1,4.81
Cotton,Maharashtra,1161.5,26.6,90.0,6.76,215.3,65.9,55.5,5.95
Cotton,Andhra Pradesh,899.5,30.5,64.5,5.86,73.8,26.6,17.3,4.47
Wheat,Telangana,776.5,19.1,61.7,6.59,229.3,25.9,36.5,7.03
Wheat,Andhra Pradesh,926.5,27.4,68.0,7.21,98.6,77.3,22.8,6.69
Wheat,Andhra Pradesh,619.8,26.9,56.5,6.0,119.1,33.7,46.5,4.71
Rice,Tamil Nadu,472.8,25.0,56.5,7.56,149.9,53.3,49.0,4.81
Groundnut,Maharashtra,1299.4,27.5,64.8,7.06,175.3,14.1,18.4,5.87
Rice,Tamil Nadu,1121.1,25.9,40.8,5.88,30.0,52.8,39.4,6.18
Wheat,Karnataka,1091.6,26.4,38.4,7.1,160.0,64.8,55.7,5.76
Groundnut,Telangana,530.5,29.6,43.8,6.1,203.2,52.3,53.8,4.99
Cotton,Andhra Pradesh,1134.6,26.2,42.6,6.18,159.8,66.7,20.1,5.07
Cotton,Tamil Nadu,685.0,22.2,56.5,6.23,169.7,75.8,40.0,4.81
Cotton,Telangana,567.7,23.0,52.7,6.29,82.6,61.6,52.2,3.36
Cotton,Andhra Pradesh,722.8,28.2,63.8,5.76,78.2,58.6,56.4,3.19
Groundnut,Telangana,1089.3,26.5,70.6,6.24,129.6,22.3,9.2,6.07
Rice,Telangana,661.6,22.1,47.1,6.59,102.2,66.3,48.3,6.51
Wheat,Tamil Nadu,1190.2,23.3,63.3,7.44,191.9,26.7,37.6,7.34
Wheat,Andhra Pradesh,830.8,26.2,59.4,6.89,123.6,57.1,43.1,5.77
Maize,Karnataka,1537.7,20.8,67.9,6.21,161.0,59.0,52.7,9.16
Wheat,Tamil Nadu,1074.3,18.8,83.1,6.94,183.5,31.2,30.4,6.54
Cotton,Telangana,853.6,30.8,42.8,7.33,135.4,53.5,21.4,4.99
Rice,Maharashtra,660.2,29.3,46.1,6.73,129.6,83.7,39.5,6.2
Groundnut,Tamil Nadu,1110.9,28.9,59.4,6.55,64.5,66.5,17.4,6.06
Groundnut,Tamil Nadu,1400.6,23.1,62.8,7.87,188.6,42.7,45.1,6.04
Rice,Andhra Pradesh,598.3,26.7,44.8,6.79,155.3,53.0,19.4,7.03
Wheat,Maharashtra,591.2,26.0,46.0,6.03,110.8,85.0,33.0,6.34
Groundnut,Tamil Nadu,844.5,26.5,74.5,6.35,64.2,27.6,34.6,4.17
Maize,Karnataka,658.9,35.3,43.1,6.83,84.2,47.1,44.0,4.79
Groundnut,Karnataka,1274.8,25.4,67.1,7.37,127.6,45.2,10.1,6.31
Rice,Telangana,516.7,27.4,57.0,6.36,162.3,28.6,56.7,5.16
Wheat,Telangana,1280.0,30.9,65.2,6.09,111.2,59.6,42.5,6.54
Wheat,Maharashtra,724.3,22.0,57.8,7.29,73.4,53.8,30.5,5.63
Maize,Telangana,1164.1,28.8,48.3,7.14,100.1,45.3,46.4,7.03
Cotton,Andhra Pradesh,578.6,24.8,56.1,6.33,184.5,71.8,65.9,6.54
Rice,Maharashtra,798.3,22.9,54.7,6.29,87.4,34.9,40.0,5.34
Groundnut,Andhra Pradesh,541.4,36.0,58.6,6.75,76.7,95.5,57.7,5.05
Groundnut,Karnataka,834.8,23.1,81.5,7.23,139.3,5.0,28.2,5.39
Maize,Karnataka,1068.4,21.4,67.6,7.36,60.4,57.8,45.8,7.12
Maize,Maharashtra,695.3,25.9,62.2,6.33,115.1,57.1,48.2,7.0
Wheat,Karnataka,804.0,20.3,69.7,6.7,136.8,79.1,14.7,5.12
Cotton,Andhra Pradesh,778.1,27.6,58.5,7.13,177.0,68.6,38.3,3.9
Maize,Tamil Nadu,1097.6,29.3,53.4,7.14,173.7,92.3,29.7,8.01
Maize,Maharashtra,794.9,23.1,69.0,7.08,139.0,62.8,38.4,8.41
Groundnut,Andhra Pradesh,627.3,27.0,74.5,5.73,76.0,13.2,42.5,3.69
Rice,Telangana,952.0,24.8,66.8,6.51,165.2,68.5,32.3,7.22
Rice,Tamil Nadu,882.3,22.1,71.9,6.0,198.6,80.5,46.1,7.46
Maize,Telangana,956.4,25.7,66.8,7.27,109.7,44.4,25.3,6.71
Groundnut,Karnataka,969.8,33.3,81.1,5.64,167.6,89.3,35.6,6.02
Wheat,Karnataka,849.4,23.3,66.4,5.69,159.4,80.5,31.0,5.75
Cotton,Andhra Pradesh,710.7,25.0,45.4,6.99,114.8,34.3,34.2,5.11
Cotton,Tamil Nadu,746.2,29.2,50.1,6.72,141.6,47.7,48.1,4.23
Rice,Karnataka,923.5,18.0,78.3,5.2,107.3,80.6,37.6,5.85
Cotton,Telangana,1047.0,20.3,77.5,6.66,81.3,45.2,27.8,5.66
Groundnut,Telangana,333.0,25.6,53.6,7.54,74.2,93.3,41.5,4.0
Cotton,Andhra Pradesh,571.6,22.5,65.1,5.9,36.9,49.6,16.8,3.64
Groundnut,Andhra Pradesh,553.5,34.0,64.7,6.86,55.1,43.6,45.0,3.64
Rice,Karnataka,467.3,26.0,57.0,6.81,106.2,52.0,38.7,5.69
Rice,Telangana,842.0,26.7,58.8,7.22,124.4,51.3,43.5,7.78
Wheat,Andhra Pradesh,980.2,20.4,66.6,7.72,157.0,61.8,34.2,6.32
Groundnut,Karnataka,575.6,26.0,66.4,6.2,98.7,28.1,47.5,5.0
Wheat,Telangana,1030.9,27.3,68.7,6.9,130.9,46.3,73.0,6.16
Wheat,Karnataka,892.8,27.9,47.1,7.43,130.8,33.6,58.6,6.13
Rice,Karnataka,1242.1,29.3,63.9,7.73,142.2,57.4,32.8,7.61
Rice,Tamil Nadu,783.8,24.2,65.6,6.65,75.0,25.6,49.9,4.51
Groundnut,Andhra Pradesh,655.7,31.6,58.1,7.13,117.1,60.5,52.3,4.58
Maize,Telangana,521.6,28.0,75.1,7.13,221.2,41.2,22.7,6.6
Rice,Karnataka,909.5,27.4,50.5,7.2,79.9,83.5,82.0,7.09
Wheat,Tamil Nadu,651.9,20.7,56.8,5.99,69.9,95.9,45.8,6.1
Groundnut,Karnataka,735.1,30.4,63.6,7.04,126.2,50.5,22.3,3.76
Wheat,Andhra Pradesh,794.7,22.5,63.6,6.73,38.0,37.9,47.7,5.77
Wheat,Andhra Pradesh,821.2,30.6,73.3,6.64,113.9,44.2,48.5,6.12
Cotton,Tamil Nadu,814.3,29.9,65.1,7.21,174.2,40.3,16.7,5.94
Maize,Maharashtra,334.2,24.5,73.3,6.52,112.0,88.8,27.3,6.64
Cotton,Andhra Pradesh,881.5,28.7,74.9,6.83,157.0,52.3,42.9,5.41
Groundnut,Tamil Nadu,980.9,28.9,64.5,6.17,138.0,57.4,44.7,7.0
Cotton,Karnataka,889.8,30.7,65.2,8.2,118.0,65.1,30.8,4.67
Groundnut,Karnataka,1000.0,28.1,79.1,6.64,120.1,100.0,47.5,5.86
Wheat,Telangana,534.9,30.3,59.6,6.78,132.1,74.1,30.1,5.18
Wheat,Tamil Nadu,936.2,28.2,54.3,7.14,101.5,46.5,28.8,6.8
Wheat,Karnataka,937.3,31.4,90.0,5.59,101.8,44.4,30.1,5.39
Cotton,Karnataka,463.7,28.2,64.6,7.01,157.8,71.3,36.8,6.24
Maize,Maharashtra,295.8,23.5,43.1,6.71,129.5,47.7,70.2,6.66
Maize,Andhra Pradesh,537.9,23.5,64.4,6.81,51.5,54.0,42.2,6.51
Wheat,Andhra Pradesh,639.7,26.4,65.1,7.09,183.6,51.5,35.6,6.43
Wheat,Telangana,667.1,29.8,75.8,7.54,215.0,38.9,42.2,6.06
Rice,Karnataka,611.2,21.8,65.1,6.2,138.9,40.5,26.6,6.35
Rice,Karnataka,930.6,34.7,67.3,7.02,86.5,29.7,64.2,5.57
Cotton,Telangana,769.8,26.7,53.2,6.5,190.3,40.3,22.5,5.61
Cotton,Andhra Pradesh,618.7,21.5,55.1,6.66,187.5,35.2,40.8,5.03
Wheat,Karnataka,1048.8,22.9,68.0,6.86,183.8,70.1,8.7,6.38
Wheat,Andhra Pradesh,729.3,28.7,73.5,7.1,125.4,17.4,35.6,5.89
Groundnut,Telangana,944.1,30.2,65.5,5.2,77.5,99.5,34.3,4.26
Groundnut,Karnataka,783.5,30.9,67.3,7.0,151.3,73.3,73.9,6.15
Cotton,Telangana,896.1,31.0,78.4,6.42,187.4,78.4,78.0,5.22
Rice,Telangana,700.4,25.3,53.3,5.2,115.4,66.1,35.1,7.63
Rice,Karnataka,1115.7,27.9,73.9,6.88,196.6,59.2,48.9,7.87
Cotton,Andhra Pradesh,885.3,34.8,60.8,6.97,191.6,83.1,42.2,3.84
Rice,Telangana,202.9,32.1,66.0,7.35,94.4,23.8,45.7,5.12
Rice,Telangana,802.0,36.0,74.0,7.38,173.0,90.5,39.3,5.68
Maize,Telangana,991.1,23.6,61.9,6.25,202.6,74.5,51.1,8.45
Cotton,Maharashtra,831.4,22.9,37.8,6.8,149.6,84.6,64.0,6.19
Groundnut,Tamil Nadu,688.4,28.7,90.0,7.66,185.4,49.5,29.6,6.0
Cotton,Telangana,718.0,26.6,83.1,6.47,30.0,69.1,32.2,5.01
Wheat,Maharashtra,708.8,29.8,45.6,6.36,165.8,44.5,19.5,6.14
Maize,Karnataka,768.3,20.1,72.5,5.62,148.9,38.5,25.8,6.66
Maize,Karnataka,612.5,29.1,58.6,7.34,147.7,42.7,29.9,5.74
Rice,Andhra Pradesh,687.8,18.7,57.6,6.11,205.9,20.5,21.8,6.81
Wheat,Karnataka,586.3,24.8,71.4,5.2,51.2,51.8,63.7,5.1
Cotton,Telangana,1074.8,34.4,57.1,6.69,217.0,24.5,56.4,4.41
Groundnut,Andhra Pradesh,716.9,23.6,52.2,6.88,179.8,55.1,43.0,5.64
Groundnut,Karnataka,972.3,29.9,90.0,6.46,114.4,74.9,53.5,5.63
Groundnut,Telangana,920.7,24.1,59.1,6.76,179.8,44.7,16.2,4.31
Cotton,Andhra Pradesh,438.6,26.5,49.7,6.24,100.2,48.3,60.5,4.62
Cotton,Maharashtra,660.1,25.5,67.9,7.08,94.2,58.8,13.6,4.97
Maize,Maharashtra,707.2,33.4,53.4,6.84,133.4,55.8,40.4,6.95
Rice,Karnataka,1138.2,27.0,73.8,6.24,169.5,41.2,57.3,8.76
Rice,Maharashtra,209.9,25.1,78.8,7.06,146.2,80.2,48.8,7.27
Cotton,Maharashtra,1175.6,28.3,74.9,6.5,107.9,95.5,45.0,6.61
Wheat,Telangana,627.5,27.0,81.2,7.06,58.0,53.3,67.0,5.67
Wheat,Tamil Nadu,1272.2,29.4,63.2,6.46,183.7,46.1,58.1,7.18
Groundnut,Maharashtra,817.8,26.4,76.5,6.14,62.0,71.5,50.8,5.76
Maize,Karnataka,696.7,29.8,63.5,6.38,121.0,100.0,17.7,7.92
Rice,Andhra Pradesh,751.9,25.5,39.0,6.95,117.9,11.8,53.8,6.8
Maize,Tamil Nadu,873.3,27.2,79.9,7.79,186.0,37.3,44.8,7.81
Wheat,Andhra Pradesh,902.0,35.0,71.7,7.66,143.2,56.4,47.3,5.47
Wheat,Karnataka,1109.2,31.8,52.1,7.33,131.1,65.5,48.4,6.96
Groundnut,Tamil Nadu,1146.6,28.1,71.5,6.16,232.1,68.3,52.0,5.38
Rice,Karnataka,1101.8,28.0,41.0,7.37,110.5,89.0,40.8,7.27
Maize,Andhra Pradesh,546.7,23.5,61.6,7.24,75.1,21.3,53.5,5.86
Wheat,Andhra Pradesh,297.2,24.6,63.9,7.3,100.3,94.5,32.4,5.3
Maize,Tamil Nadu,835.0,25.1,62.1,7.58,201.0,40.0,41.4,7.46
Rice,Tamil Nadu,765.5,27.0,77.7,7.48,120.2,53.3,51.3,6.36
Cotton,Karnataka,757.1,23.6,52.5,7.64,128.0,94.1,34.8,5.34
Groundnut,Tamil Nadu,505.1,20.4,79.4,6.16,134.1,45.1,45.8,4.17
Maize,Karnataka,897.0,23.5,55.6,6.47,70.7,48.7,43.7,6.78
Maize,Tamil Nadu,774.8,24.7,72.3,7.63,114.1,68.7,38.6,7.64
Wheat,Maharashtra,912.3,20.8,69.4,7.5,125.0,79.9,32.3,5.43
Cotton,Telangana,323.3,26.2,79.4,5.46,77.4,35.3,41.1,3.77
